name,cn1,cn2,an1,train_accuracy,test_accuracy,nonzero_parameters,num_parameters,effective_model_size_mb,sparsity_adjusted_flops
cn1_0_cn2_0_an1_0,0.0,0.0,0.0,82.84,81.66,1070986,1070986.0,4.09,13702144.0
cn1_0_cn2_0_an1_0.3,0.0,0.0,0.3,82.93,81.66,755594,1070986.0,2.88,9667033.74
cn1_0_cn2_0_an1_0.5,0.0,0.0,0.5,82.88,81.66,546698,1070986.0,2.09,6994428.24
cn1_0_cn2_0_an1_0.7,0.0,0.0,0.7,82.86,81.66,337802,1070986.0,1.29,4321822.74
cn1_0_cn2_0_an1_0.75,0.0,0.0,0.75,82.18,81.09,284554,1070986.0,1.09,3640570.36
cn1_0_cn2_0_an1_0.8,0.0,0.0,0.8,80.16,80.26,231306,1070986.0,0.88,2959317.97
cn1_0_cn2_0_an1_0.85,0.0,0.0,0.85,73.89,74.37,178058,1070986.0,0.68,2278065.59
cn1_0_cn2_0_an1_0.9,0.0,0.0,0.9,53.11,56.92,128906,1070986.0,0.49,1649217.24
cn1_0_cn2_0.3_an1_0,0.0,0.3,0.0,54.81,58.17,1065514,1070986.0,4.07,13632135.49
cn1_0_cn2_0.3_an1_0.3,0.0,0.3,0.3,54.6,58.17,750122,1070986.0,2.86,9597025.23
cn1_0_cn2_0.3_an1_0.5,0.0,0.3,0.5,54.96,58.17,541226,1070986.0,2.07,6924419.73
cn1_0_cn2_0.3_an1_0.7,0.0,0.3,0.7,54.94,58.17,332330,1070986.0,1.27,4251814.23
cn1_0_cn2_0.3_an1_0.75,0.0,0.3,0.75,53.47,56.49,279082,1070986.0,1.07,3570561.85
cn1_0_cn2_0.3_an1_0.8,0.0,0.3,0.8,51.71,54.46,225834,1070986.0,0.86,2889309.47
cn1_0_cn2_0.3_an1_0.85,0.0,0.3,0.85,44.0,45.12,172586,1070986.0,0.66,2208057.08
cn1_0_cn2_0.3_an1_0.9,0.0,0.3,0.9,34.35,36.48,123434,1070986.0,0.47,1579208.73
cn1_0_cn2_0.5_an1_0,0.0,0.5,0.0,39.12,43.2,1061770,1070986.0,4.05,13584234.93
cn1_0_cn2_0.5_an1_0.3,0.0,0.5,0.3,39.16,43.2,746378,1070986.0,2.85,9549124.67
cn1_0_cn2_0.5_an1_0.5,0.0,0.5,0.5,39.18,43.2,537482,1070986.0,2.05,6876519.17
cn1_0_cn2_0.5_an1_0.7,0.0,0.5,0.7,39.02,43.2,328586,1070986.0,1.25,4203913.67
cn1_0_cn2_0.5_an1_0.75,0.0,0.5,0.75,37.93,41.95,275338,1070986.0,1.05,3522661.29
cn1_0_cn2_0.5_an1_0.8,0.0,0.5,0.8,40.78,44.12,222090,1070986.0,0.85,2841408.91
cn1_0_cn2_0.5_an1_0.85,0.0,0.5,0.85,33.73,36.06,168842,1070986.0,0.64,2160156.53
cn1_0_cn2_0.5_an1_0.9,0.0,0.5,0.9,28.83,30.34,119690,1070986.0,0.46,1531308.17
cn1_0_cn2_0.7_an1_0,0.0,0.7,0.0,24.79,27.73,1058026,1070986.0,4.04,13536334.38
cn1_0_cn2_0.7_an1_0.3,0.0,0.7,0.3,24.9,27.73,742634,1070986.0,2.83,9501224.11
cn1_0_cn2_0.7_an1_0.5,0.0,0.7,0.5,25.0,27.73,533738,1070986.0,2.04,6828618.61
cn1_0_cn2_0.7_an1_0.7,0.0,0.7,0.7,25.0,27.72,324842,1070986.0,1.24,4156013.11
cn1_0_cn2_0.7_an1_0.75,0.0,0.7,0.75,24.74,27.46,271594,1070986.0,1.04,3474760.73
cn1_0_cn2_0.7_an1_0.8,0.0,0.7,0.8,20.92,23.86,218346,1070986.0,0.83,2793508.35
cn1_0_cn2_0.7_an1_0.85,0.0,0.7,0.85,15.82,18.54,165098,1070986.0,0.63,2112255.97
cn1_0_cn2_0.7_an1_0.9,0.0,0.7,0.9,17.52,17.57,115946,1070986.0,0.44,1483407.62
cn1_0_cn2_0.75_an1_0,0.0,0.75,0.0,21.15,23.16,1057162,1070986.0,4.03,13525280.4
cn1_0_cn2_0.75_an1_0.3,0.0,0.75,0.3,20.95,23.16,741770,1070986.0,2.83,9490170.14
cn1_0_cn2_0.75_an1_0.5,0.0,0.75,0.5,21.1,23.16,532874,1070986.0,2.03,6817564.64
cn1_0_cn2_0.75_an1_0.7,0.0,0.75,0.7,20.93,23.16,323978,1070986.0,1.24,4144959.14
cn1_0_cn2_0.75_an1_0.75,0.0,0.75,0.75,21.26,23.15,270730,1070986.0,1.03,3463706.76
cn1_0_cn2_0.75_an1_0.8,0.0,0.75,0.8,17.24,19.1,217482,1070986.0,0.83,2782454.38
cn1_0_cn2_0.75_an1_0.85,0.0,0.75,0.85,13.76,16.03,164234,1070986.0,0.63,2101201.99
cn1_0_cn2_0.75_an1_0.9,0.0,0.75,0.9,16.78,16.84,115082,1070986.0,0.44,1472353.64
cn1_0_cn2_0.8_an1_0,0.0,0.8,0.0,17.52,18.05,1056298,1070986.0,4.03,13514226.43
cn1_0_cn2_0.8_an1_0.3,0.0,0.8,0.3,17.46,18.05,740906,1070986.0,2.83,9479116.16
cn1_0_cn2_0.8_an1_0.5,0.0,0.8,0.5,17.42,18.05,532010,1070986.0,2.03,6806510.66
cn1_0_cn2_0.8_an1_0.7,0.0,0.8,0.7,17.44,18.04,323114,1070986.0,1.23,4133905.16
cn1_0_cn2_0.8_an1_0.75,0.0,0.8,0.75,17.54,18.17,269866,1070986.0,1.03,3452652.78
cn1_0_cn2_0.8_an1_0.8,0.0,0.8,0.8,13.83,14.89,216618,1070986.0,0.83,2771400.4
cn1_0_cn2_0.8_an1_0.85,0.0,0.8,0.85,11.88,12.74,163370,1070986.0,0.62,2090148.02
cn1_0_cn2_0.8_an1_0.9,0.0,0.8,0.9,18.16,17.99,114218,1070986.0,0.44,1461299.67
cn1_0_cn2_0.85_an1_0,0.0,0.85,0.0,15.78,15.7,1055434,1070986.0,4.03,13503172.45
cn1_0_cn2_0.85_an1_0.3,0.0,0.85,0.3,15.58,15.7,740042,1070986.0,2.82,9468062.19
cn1_0_cn2_0.85_an1_0.5,0.0,0.85,0.5,15.71,15.7,531146,1070986.0,2.03,6795456.69
cn1_0_cn2_0.85_an1_0.7,0.0,0.85,0.7,15.64,15.7,322250,1070986.0,1.23,4122851.19
cn1_0_cn2_0.85_an1_0.75,0.0,0.85,0.75,15.58,15.69,269002,1070986.0,1.03,3441598.81
cn1_0_cn2_0.85_an1_0.8,0.0,0.85,0.8,13.2,13.84,215754,1070986.0,0.82,2760346.43
cn1_0_cn2_0.85_an1_0.85,0.0,0.85,0.85,11.78,12.21,162506,1070986.0,0.62,2079094.04
cn1_0_cn2_0.85_an1_0.9,0.0,0.85,0.9,16.41,16.46,113354,1070986.0,0.43,1450245.69
cn1_0_cn2_0.9_an1_0,0.0,0.9,0.0,15.73,15.66,1054282,1070986.0,4.02,13488433.82
cn1_0_cn2_0.9_an1_0.3,0.0,0.9,0.3,15.87,15.66,738890,1070986.0,2.82,9453323.55
cn1_0_cn2_0.9_an1_0.5,0.0,0.9,0.5,15.73,15.66,529994,1070986.0,2.02,6780718.06
cn1_0_cn2_0.9_an1_0.7,0.0,0.9,0.7,15.89,15.65,321098,1070986.0,1.23,4108112.56
cn1_0_cn2_0.9_an1_0.75,0.0,0.9,0.75,15.68,15.45,267850,1070986.0,1.02,3426860.17
cn1_0_cn2_0.9_an1_0.8,0.0,0.9,0.8,13.19,13.44,214602,1070986.0,0.82,2745607.79
cn1_0_cn2_0.9_an1_0.85,0.0,0.9,0.85,11.38,12.12,161354,1070986.0,0.62,2064355.41
cn1_0_cn2_0.9_an1_0.9,0.0,0.9,0.9,11.8,12.16,112202,1070986.0,0.43,1435507.06
cn1_0.3_cn2_0_an1_0,0.3,0.0,0.0,38.01,53.73,1070716,1070986.0,4.09,13698689.63
cn1_0.3_cn2_0_an1_0.3,0.3,0.0,0.3,37.77,53.73,755324,1070986.0,2.88,9663579.37
cn1_0.3_cn2_0_an1_0.5,0.3,0.0,0.5,37.79,53.73,546428,1070986.0,2.09,6990973.87
cn1_0.3_cn2_0_an1_0.7,0.3,0.0,0.7,37.64,53.73,337532,1070986.0,1.29,4318368.37
cn1_0.3_cn2_0_an1_0.75,0.3,0.0,0.75,37.41,53.4,284284,1070986.0,1.09,3637115.99
cn1_0.3_cn2_0_an1_0.8,0.3,0.0,0.8,35.14,50.88,231036,1070986.0,0.88,2955863.61
cn1_0.3_cn2_0_an1_0.85,0.3,0.0,0.85,32.17,46.44,177788,1070986.0,0.68,2274611.23
cn1_0.3_cn2_0_an1_0.9,0.3,0.0,0.9,29.39,37.35,128636,1070986.0,0.49,1645762.87
cn1_0.3_cn2_0.3_an1_0,0.3,0.3,0.0,23.33,31.12,1065244,1070986.0,4.06,13628681.12
cn1_0.3_cn2_0.3_an1_0.3,0.3,0.3,0.3,23.18,31.12,749852,1070986.0,2.86,9593570.86
cn1_0.3_cn2_0.3_an1_0.5,0.3,0.3,0.5,23.09,31.12,540956,1070986.0,2.06,6920965.36
cn1_0.3_cn2_0.3_an1_0.7,0.3,0.3,0.7,23.32,31.11,332060,1070986.0,1.27,4248359.86
cn1_0.3_cn2_0.3_an1_0.75,0.3,0.3,0.75,22.53,30.02,278812,1070986.0,1.06,3567107.48
cn1_0.3_cn2_0.3_an1_0.8,0.3,0.3,0.8,22.01,29.13,225564,1070986.0,0.86,2885855.1
cn1_0.3_cn2_0.3_an1_0.85,0.3,0.3,0.85,19.56,25.25,172316,1070986.0,0.66,2204602.72
cn1_0.3_cn2_0.3_an1_0.9,0.3,0.3,0.9,22.87,25.97,123164,1070986.0,0.47,1575754.36
cn1_0.3_cn2_0.5_an1_0,0.3,0.5,0.0,21.91,28.81,1061500,1070986.0,4.05,13580780.57
cn1_0.3_cn2_0.5_an1_0.3,0.3,0.5,0.3,21.85,28.81,746108,1070986.0,2.85,9545670.3
cn1_0.3_cn2_0.5_an1_0.5,0.3,0.5,0.5,21.75,28.81,537212,1070986.0,2.05,6873064.8
cn1_0.3_cn2_0.5_an1_0.7,0.3,0.5,0.7,21.95,28.8,328316,1070986.0,1.25,4200459.31
cn1_0.3_cn2_0.5_an1_0.75,0.3,0.5,0.75,21.53,27.78,275068,1070986.0,1.05,3519206.92
cn1_0.3_cn2_0.5_an1_0.8,0.3,0.5,0.8,19.46,24.86,221820,1070986.0,0.85,2837954.54
cn1_0.3_cn2_0.5_an1_0.85,0.3,0.5,0.85,18.06,22.27,168572,1070986.0,0.64,2156702.16
cn1_0.3_cn2_0.5_an1_0.9,0.3,0.5,0.9,22.45,25.55,119420,1070986.0,0.46,1527853.81
cn1_0.3_cn2_0.7_an1_0,0.3,0.7,0.0,27.53,30.67,1057756,1070986.0,4.04,13532880.01
cn1_0.3_cn2_0.7_an1_0.3,0.3,0.7,0.3,27.73,30.67,742364,1070986.0,2.83,9497769.75
cn1_0.3_cn2_0.7_an1_0.5,0.3,0.7,0.5,27.42,30.67,533468,1070986.0,2.04,6825164.25
cn1_0.3_cn2_0.7_an1_0.7,0.3,0.7,0.7,27.77,30.67,324572,1070986.0,1.24,4152558.75
cn1_0.3_cn2_0.7_an1_0.75,0.3,0.7,0.75,27.37,30.3,271324,1070986.0,1.04,3471306.37
cn1_0.3_cn2_0.7_an1_0.8,0.3,0.7,0.8,23.04,26.35,218076,1070986.0,0.83,2790053.98
cn1_0.3_cn2_0.7_an1_0.85,0.3,0.7,0.85,18.29,20.4,164828,1070986.0,0.63,2108801.6
cn1_0.3_cn2_0.7_an1_0.9,0.3,0.7,0.9,13.63,14.83,115676,1070986.0,0.44,1479953.25
cn1_0.3_cn2_0.75_an1_0,0.3,0.75,0.0,23.91,26.23,1056892,1070986.0,4.03,13521826.03
cn1_0.3_cn2_0.75_an1_0.3,0.3,0.75,0.3,23.81,26.23,741500,1070986.0,2.83,9486715.77
cn1_0.3_cn2_0.75_an1_0.5,0.3,0.75,0.5,23.84,26.23,532604,1070986.0,2.03,6814110.27
cn1_0.3_cn2_0.75_an1_0.7,0.3,0.75,0.7,23.73,26.23,323708,1070986.0,1.24,4141504.77
cn1_0.3_cn2_0.75_an1_0.75,0.3,0.75,0.75,23.35,25.65,270460,1070986.0,1.03,3460252.39
cn1_0.3_cn2_0.75_an1_0.8,0.3,0.75,0.8,19.13,20.81,217212,1070986.0,0.83,2779000.01
cn1_0.3_cn2_0.75_an1_0.85,0.3,0.75,0.85,16.39,17.87,163964,1070986.0,0.63,2097747.63
cn1_0.3_cn2_0.75_an1_0.9,0.3,0.75,0.9,12.51,13.32,114812,1070986.0,0.44,1468899.27
cn1_0.3_cn2_0.8_an1_0,0.3,0.8,0.0,21.18,21.19,1056028,1070986.0,4.03,13510772.06
cn1_0.3_cn2_0.8_an1_0.3,0.3,0.8,0.3,20.98,21.19,740636,1070986.0,2.83,9475661.8
cn1_0.3_cn2_0.8_an1_0.5,0.3,0.8,0.5,21.03,21.19,531740,1070986.0,2.03,6803056.3
cn1_0.3_cn2_0.8_an1_0.7,0.3,0.8,0.7,20.95,21.19,322844,1070986.0,1.23,4130450.8
cn1_0.3_cn2_0.8_an1_0.75,0.3,0.8,0.75,21.18,21.27,269596,1070986.0,1.03,3449198.42
cn1_0.3_cn2_0.8_an1_0.8,0.3,0.8,0.8,17.09,17.85,216348,1070986.0,0.83,2767946.03
cn1_0.3_cn2_0.8_an1_0.85,0.3,0.8,0.85,12.68,13.07,163100,1070986.0,0.62,2086693.65
cn1_0.3_cn2_0.8_an1_0.9,0.3,0.8,0.9,13.5,14.08,113948,1070986.0,0.44,1457845.3
cn1_0.3_cn2_0.85_an1_0,0.3,0.85,0.0,19.74,20.04,1055164,1070986.0,4.03,13499718.08
cn1_0.3_cn2_0.85_an1_0.3,0.3,0.85,0.3,19.66,20.04,739772,1070986.0,2.82,9464607.82
cn1_0.3_cn2_0.85_an1_0.5,0.3,0.85,0.5,19.85,20.04,530876,1070986.0,2.03,6792002.32
cn1_0.3_cn2_0.85_an1_0.7,0.3,0.85,0.7,19.79,20.05,321980,1070986.0,1.23,4119396.82
cn1_0.3_cn2_0.85_an1_0.75,0.3,0.85,0.75,19.94,19.92,268732,1070986.0,1.03,3438144.44
cn1_0.3_cn2_0.85_an1_0.8,0.3,0.85,0.8,16.2,16.77,215484,1070986.0,0.82,2756892.06
cn1_0.3_cn2_0.85_an1_0.85,0.3,0.85,0.85,12.47,12.63,162236,1070986.0,0.62,2075639.68
cn1_0.3_cn2_0.85_an1_0.9,0.3,0.85,0.9,12.44,12.92,113084,1070986.0,0.43,1446791.32
cn1_0.3_cn2_0.9_an1_0,0.3,0.9,0.0,15.83,15.92,1054012,1070986.0,4.02,13484979.45
cn1_0.3_cn2_0.9_an1_0.3,0.3,0.9,0.3,15.93,15.92,738620,1070986.0,2.82,9449869.19
cn1_0.3_cn2_0.9_an1_0.5,0.3,0.9,0.5,15.85,15.92,529724,1070986.0,2.02,6777263.69
cn1_0.3_cn2_0.9_an1_0.7,0.3,0.9,0.7,15.85,15.92,320828,1070986.0,1.22,4104658.19
cn1_0.3_cn2_0.9_an1_0.75,0.3,0.9,0.75,15.55,15.74,267580,1070986.0,1.02,3423405.81
cn1_0.3_cn2_0.9_an1_0.8,0.3,0.9,0.8,12.73,13.53,214332,1070986.0,0.82,2742153.42
cn1_0.3_cn2_0.9_an1_0.85,0.3,0.9,0.85,11.31,11.87,161084,1070986.0,0.62,2060901.04
cn1_0.3_cn2_0.9_an1_0.9,0.3,0.9,0.9,10.42,10.6,111932,1070986.0,0.43,1432052.69
cn1_0.5_cn2_0_an1_0,0.5,0.0,0.0,25.34,30.77,1070554,1070986.0,4.08,13696617.01
cn1_0.5_cn2_0_an1_0.3,0.5,0.0,0.3,25.1,30.77,755162,1070986.0,2.88,9661506.75
cn1_0.5_cn2_0_an1_0.5,0.5,0.0,0.5,25.05,30.77,546266,1070986.0,2.08,6988901.25
cn1_0.5_cn2_0_an1_0.7,0.5,0.0,0.7,25.25,30.77,337370,1070986.0,1.29,4316295.75
cn1_0.5_cn2_0_an1_0.75,0.5,0.0,0.75,25.41,31.38,284122,1070986.0,1.08,3635043.37
cn1_0.5_cn2_0_an1_0.8,0.5,0.0,0.8,26.08,31.19,230874,1070986.0,0.88,2953790.99
cn1_0.5_cn2_0_an1_0.85,0.5,0.0,0.85,23.0,27.77,177626,1070986.0,0.68,2272538.6
cn1_0.5_cn2_0_an1_0.9,0.5,0.0,0.9,17.92,22.2,128474,1070986.0,0.49,1643690.25
cn1_0.5_cn2_0.3_an1_0,0.5,0.3,0.0,17.42,27.73,1065082,1070986.0,4.06,13626608.5
cn1_0.5_cn2_0.3_an1_0.3,0.5,0.3,0.3,17.41,27.73,749690,1070986.0,2.86,9591498.24
cn1_0.5_cn2_0.3_an1_0.5,0.5,0.3,0.5,17.44,27.73,540794,1070986.0,2.06,6918892.74
cn1_0.5_cn2_0.3_an1_0.7,0.5,0.3,0.7,17.49,27.72,331898,1070986.0,1.27,4246287.24
cn1_0.5_cn2_0.3_an1_0.75,0.5,0.3,0.75,16.78,27.07,278650,1070986.0,1.06,3565034.86
cn1_0.5_cn2_0.3_an1_0.8,0.5,0.3,0.8,14.28,21.32,225402,1070986.0,0.86,2883782.48
cn1_0.5_cn2_0.3_an1_0.85,0.5,0.3,0.85,14.81,20.26,172154,1070986.0,0.66,2202530.1
cn1_0.5_cn2_0.3_an1_0.9,0.5,0.3,0.9,14.78,17.71,123002,1070986.0,0.47,1573681.74
cn1_0.5_cn2_0.5_an1_0,0.5,0.5,0.0,14.76,22.8,1061338,1070986.0,4.05,13578707.95
cn1_0.5_cn2_0.5_an1_0.3,0.5,0.5,0.3,14.88,22.8,745946,1070986.0,2.85,9543597.68
cn1_0.5_cn2_0.5_an1_0.5,0.5,0.5,0.5,14.76,22.8,537050,1070986.0,2.05,6870992.18
cn1_0.5_cn2_0.5_an1_0.7,0.5,0.5,0.7,14.87,22.81,328154,1070986.0,1.25,4198386.68
cn1_0.5_cn2_0.5_an1_0.75,0.5,0.5,0.75,14.82,22.5,274906,1070986.0,1.05,3517134.3
cn1_0.5_cn2_0.5_an1_0.8,0.5,0.5,0.8,12.68,18.12,221658,1070986.0,0.85,2835881.92
cn1_0.5_cn2_0.5_an1_0.85,0.5,0.5,0.85,13.63,17.34,168410,1070986.0,0.64,2154629.54
cn1_0.5_cn2_0.5_an1_0.9,0.5,0.5,0.9,12.87,13.83,119258,1070986.0,0.46,1525781.19
cn1_0.5_cn2_0.7_an1_0,0.5,0.7,0.0,19.36,17.97,1057594,1070986.0,4.04,13530807.39
cn1_0.5_cn2_0.7_an1_0.3,0.5,0.7,0.3,19.17,17.97,742202,1070986.0,2.83,9495697.12
cn1_0.5_cn2_0.7_an1_0.5,0.5,0.7,0.5,19.17,17.97,533306,1070986.0,2.04,6823091.63
cn1_0.5_cn2_0.7_an1_0.7,0.5,0.7,0.7,19.3,17.97,324410,1070986.0,1.24,4150486.13
cn1_0.5_cn2_0.7_an1_0.75,0.5,0.7,0.75,19.83,18.32,271162,1070986.0,1.04,3469233.74
cn1_0.5_cn2_0.7_an1_0.8,0.5,0.7,0.8,18.71,20.92,217914,1070986.0,0.83,2787981.36
cn1_0.5_cn2_0.7_an1_0.85,0.5,0.7,0.85,15.92,17.88,164666,1070986.0,0.63,2106728.98
cn1_0.5_cn2_0.7_an1_0.9,0.5,0.7,0.9,11.97,13.03,115514,1070986.0,0.44,1477880.63
cn1_0.5_cn2_0.75_an1_0,0.5,0.75,0.0,16.72,16.97,1056730,1070986.0,4.03,13519753.41
cn1_0.5_cn2_0.75_an1_0.3,0.5,0.75,0.3,16.95,16.97,741338,1070986.0,2.83,9484643.15
cn1_0.5_cn2_0.75_an1_0.5,0.5,0.75,0.5,17.11,16.97,532442,1070986.0,2.03,6812037.65
cn1_0.5_cn2_0.75_an1_0.7,0.5,0.75,0.7,16.95,16.97,323546,1070986.0,1.23,4139432.15
cn1_0.5_cn2_0.75_an1_0.75,0.5,0.75,0.75,16.98,17.26,270298,1070986.0,1.03,3458179.77
cn1_0.5_cn2_0.75_an1_0.8,0.5,0.75,0.8,15.39,15.41,217050,1070986.0,0.83,2776927.39
cn1_0.5_cn2_0.75_an1_0.85,0.5,0.75,0.85,13.52,12.65,163802,1070986.0,0.63,2095675.01
cn1_0.5_cn2_0.75_an1_0.9,0.5,0.75,0.9,10.6,11.04,114650,1070986.0,0.44,1466826.65
cn1_0.5_cn2_0.8_an1_0,0.5,0.8,0.0,16.47,15.62,1055866,1070986.0,4.03,13508699.44
cn1_0.5_cn2_0.8_an1_0.3,0.5,0.8,0.3,16.45,15.62,740474,1070986.0,2.83,9473589.18
cn1_0.5_cn2_0.8_an1_0.5,0.5,0.8,0.5,16.26,15.62,531578,1070986.0,2.03,6800983.68
cn1_0.5_cn2_0.8_an1_0.7,0.5,0.8,0.7,16.57,15.62,322682,1070986.0,1.23,4128378.18
cn1_0.5_cn2_0.8_an1_0.75,0.5,0.8,0.75,16.66,15.78,269434,1070986.0,1.03,3447125.79
cn1_0.5_cn2_0.8_an1_0.8,0.5,0.8,0.8,14.99,14.6,216186,1070986.0,0.83,2765873.41
cn1_0.5_cn2_0.8_an1_0.85,0.5,0.8,0.85,13.16,12.09,162938,1070986.0,0.62,2084621.03
cn1_0.5_cn2_0.8_an1_0.9,0.5,0.8,0.9,10.2,10.46,113786,1070986.0,0.43,1455772.68
cn1_0.5_cn2_0.85_an1_0,0.5,0.85,0.0,15.2,14.48,1055002,1070986.0,4.03,13497645.46
cn1_0.5_cn2_0.85_an1_0.3,0.5,0.85,0.3,15.05,14.48,739610,1070986.0,2.82,9462535.2
cn1_0.5_cn2_0.85_an1_0.5,0.5,0.85,0.5,15.17,14.48,530714,1070986.0,2.03,6789929.7
cn1_0.5_cn2_0.85_an1_0.7,0.5,0.85,0.7,15.05,14.48,321818,1070986.0,1.23,4117324.2
cn1_0.5_cn2_0.85_an1_0.75,0.5,0.85,0.75,15.38,14.62,268570,1070986.0,1.03,3436071.82
cn1_0.5_cn2_0.85_an1_0.8,0.5,0.85,0.8,13.47,13.23,215322,1070986.0,0.82,2754819.44
cn1_0.5_cn2_0.85_an1_0.85,0.5,0.85,0.85,11.73,11.02,162074,1070986.0,0.62,2073567.06
cn1_0.5_cn2_0.85_an1_0.9,0.5,0.85,0.9,10.09,10.11,112922,1070986.0,0.43,1444718.7
cn1_0.5_cn2_0.9_an1_0,0.5,0.9,0.0,10.43,10.4,1053850,1070986.0,4.02,13482906.83
cn1_0.5_cn2_0.9_an1_0.3,0.5,0.9,0.3,10.45,10.4,738458,1070986.0,2.82,9447796.57
cn1_0.5_cn2_0.9_an1_0.5,0.5,0.9,0.5,10.52,10.4,529562,1070986.0,2.02,6775191.07
cn1_0.5_cn2_0.9_an1_0.7,0.5,0.9,0.7,10.42,10.4,320666,1070986.0,1.22,4102585.57
cn1_0.5_cn2_0.9_an1_0.75,0.5,0.9,0.75,10.48,10.42,267418,1070986.0,1.02,3421333.19
cn1_0.5_cn2_0.9_an1_0.8,0.5,0.9,0.8,11.63,11.73,214170,1070986.0,0.82,2740080.8
cn1_0.5_cn2_0.9_an1_0.85,0.5,0.9,0.85,10.07,10.16,160922,1070986.0,0.61,2058828.42
cn1_0.5_cn2_0.9_an1_0.9,0.5,0.9,0.9,9.61,9.68,111770,1070986.0,0.43,1429980.07
cn1_0.7_cn2_0_an1_0,0.7,0.0,0.0,23.12,33.17,1070392,1070986.0,4.08,13694544.39
cn1_0.7_cn2_0_an1_0.3,0.7,0.0,0.3,23.5,33.17,755000,1070986.0,2.88,9659434.13
cn1_0.7_cn2_0_an1_0.5,0.7,0.0,0.5,23.34,33.17,546104,1070986.0,2.08,6986828.63
cn1_0.7_cn2_0_an1_0.7,0.7,0.0,0.7,23.44,33.18,337208,1070986.0,1.29,4314223.13
cn1_0.7_cn2_0_an1_0.75,0.7,0.0,0.75,23.48,33.6,283960,1070986.0,1.08,3632970.75
cn1_0.7_cn2_0_an1_0.8,0.7,0.0,0.8,16.99,22.61,230712,1070986.0,0.88,2951718.37
cn1_0.7_cn2_0_an1_0.85,0.7,0.0,0.85,16.23,22.27,177464,1070986.0,0.68,2270465.98
cn1_0.7_cn2_0_an1_0.9,0.7,0.0,0.9,13.76,15.73,128312,1070986.0,0.49,1641617.63
cn1_0.7_cn2_0.3_an1_0,0.7,0.3,0.0,11.0,14.37,1064920,1070986.0,4.06,13624535.88
cn1_0.7_cn2_0.3_an1_0.3,0.7,0.3,0.3,11.03,14.37,749528,1070986.0,2.86,9589425.62
cn1_0.7_cn2_0.3_an1_0.5,0.7,0.3,0.5,10.91,14.37,540632,1070986.0,2.06,6916820.12
cn1_0.7_cn2_0.3_an1_0.7,0.7,0.3,0.7,11.07,14.37,331736,1070986.0,1.27,4244214.62
cn1_0.7_cn2_0.3_an1_0.75,0.7,0.3,0.75,11.57,15.08,278488,1070986.0,1.06,3562962.24
cn1_0.7_cn2_0.3_an1_0.8,0.7,0.3,0.8,10.6,12.7,225240,1070986.0,0.86,2881709.86
cn1_0.7_cn2_0.3_an1_0.85,0.7,0.3,0.85,11.37,15.24,171992,1070986.0,0.66,2200457.48
cn1_0.7_cn2_0.3_an1_0.9,0.7,0.3,0.9,12.81,13.81,122840,1070986.0,0.47,1571609.12
cn1_0.7_cn2_0.5_an1_0,0.7,0.5,0.0,11.59,14.34,1061176,1070986.0,4.05,13576635.33
cn1_0.7_cn2_0.5_an1_0.3,0.7,0.5,0.3,11.51,14.34,745784,1070986.0,2.85,9541525.06
cn1_0.7_cn2_0.5_an1_0.5,0.7,0.5,0.5,11.53,14.34,536888,1070986.0,2.05,6868919.56
cn1_0.7_cn2_0.5_an1_0.7,0.7,0.5,0.7,11.6,14.34,327992,1070986.0,1.25,4196314.06
cn1_0.7_cn2_0.5_an1_0.75,0.7,0.5,0.75,12.23,15.06,274744,1070986.0,1.05,3515061.68
cn1_0.7_cn2_0.5_an1_0.8,0.7,0.5,0.8,10.17,11.21,221496,1070986.0,0.85,2833809.3
cn1_0.7_cn2_0.5_an1_0.85,0.7,0.5,0.85,10.99,14.1,168248,1070986.0,0.64,2152556.92
cn1_0.7_cn2_0.5_an1_0.9,0.7,0.5,0.9,12.71,13.06,119096,1070986.0,0.46,1523708.57
cn1_0.7_cn2_0.7_an1_0,0.7,0.7,0.0,12.95,16.55,1057432,1070986.0,4.03,13528734.77
cn1_0.7_cn2_0.7_an1_0.3,0.7,0.7,0.3,12.87,16.55,742040,1070986.0,2.83,9493624.5
cn1_0.7_cn2_0.7_an1_0.5,0.7,0.7,0.5,12.83,16.55,533144,1070986.0,2.03,6821019.01
cn1_0.7_cn2_0.7_an1_0.7,0.7,0.7,0.7,12.74,16.55,324248,1070986.0,1.24,4148413.51
cn1_0.7_cn2_0.7_an1_0.75,0.7,0.7,0.75,13.77,17.33,271000,1070986.0,1.03,3467161.12
cn1_0.7_cn2_0.7_an1_0.8,0.7,0.7,0.8,12.7,14.11,217752,1070986.0,0.83,2785908.74
cn1_0.7_cn2_0.7_an1_0.85,0.7,0.7,0.85,11.8,14.34,164504,1070986.0,0.63,2104656.36
cn1_0.7_cn2_0.7_an1_0.9,0.7,0.7,0.9,11.82,11.63,115352,1070986.0,0.44,1475808.01
cn1_0.7_cn2_0.75_an1_0,0.7,0.75,0.0,12.79,13.75,1056568,1070986.0,4.03,13517680.79
cn1_0.7_cn2_0.75_an1_0.3,0.7,0.75,0.3,12.97,13.75,741176,1070986.0,2.83,9482570.53
cn1_0.7_cn2_0.75_an1_0.5,0.7,0.75,0.5,12.96,13.75,532280,1070986.0,2.03,6809965.03
cn1_0.7_cn2_0.75_an1_0.7,0.7,0.75,0.7,12.8,13.75,323384,1070986.0,1.23,4137359.53
cn1_0.7_cn2_0.75_an1_0.75,0.7,0.75,0.75,13.24,14.13,270136,1070986.0,1.03,3456107.15
cn1_0.7_cn2_0.75_an1_0.8,0.7,0.75,0.8,12.66,12.73,216888,1070986.0,0.83,2774854.77
cn1_0.7_cn2_0.75_an1_0.85,0.7,0.75,0.85,11.4,11.47,163640,1070986.0,0.62,2093602.39
cn1_0.7_cn2_0.75_an1_0.9,0.7,0.75,0.9,11.94,11.89,114488,1070986.0,0.44,1464754.03
cn1_0.7_cn2_0.8_an1_0,0.7,0.8,0.0,13.23,15.47,1055704,1070986.0,4.03,13506626.82
cn1_0.7_cn2_0.8_an1_0.3,0.7,0.8,0.3,13.28,15.47,740312,1070986.0,2.82,9471516.55
cn1_0.7_cn2_0.8_an1_0.5,0.7,0.8,0.5,13.1,15.47,531416,1070986.0,2.03,6798911.06
cn1_0.7_cn2_0.8_an1_0.7,0.7,0.8,0.7,13.42,15.47,322520,1070986.0,1.23,4126305.56
cn1_0.7_cn2_0.8_an1_0.75,0.7,0.8,0.75,13.13,15.37,269272,1070986.0,1.03,3445053.17
cn1_0.7_cn2_0.8_an1_0.8,0.7,0.8,0.8,12.42,12.22,216024,1070986.0,0.82,2763800.79
cn1_0.7_cn2_0.8_an1_0.85,0.7,0.8,0.85,13.2,15.93,162776,1070986.0,0.62,2082548.41
cn1_0.7_cn2_0.8_an1_0.9,0.7,0.8,0.9,11.12,10.92,113624,1070986.0,0.43,1453700.06
cn1_0.7_cn2_0.85_an1_0,0.7,0.85,0.0,13.14,13.64,1054840,1070986.0,4.02,13495572.84
cn1_0.7_cn2_0.85_an1_0.3,0.7,0.85,0.3,13.09,13.64,739448,1070986.0,2.82,9460462.58
cn1_0.7_cn2_0.85_an1_0.5,0.7,0.85,0.5,13.01,13.64,530552,1070986.0,2.02,6787857.08
cn1_0.7_cn2_0.85_an1_0.7,0.7,0.85,0.7,13.19,13.65,321656,1070986.0,1.23,4115251.58
cn1_0.7_cn2_0.85_an1_0.75,0.7,0.85,0.75,12.97,13.79,268408,1070986.0,1.02,3433999.2
cn1_0.7_cn2_0.85_an1_0.8,0.7,0.85,0.8,12.18,11.68,215160,1070986.0,0.82,2752746.82
cn1_0.7_cn2_0.85_an1_0.85,0.7,0.85,0.85,12.69,13.27,161912,1070986.0,0.62,2071494.44
cn1_0.7_cn2_0.85_an1_0.9,0.7,0.85,0.9,10.69,9.97,112760,1070986.0,0.43,1442646.08
cn1_0.7_cn2_0.9_an1_0,0.7,0.9,0.0,10.27,10.4,1053688,1070986.0,4.02,13480834.21
cn1_0.7_cn2_0.9_an1_0.3,0.7,0.9,0.3,10.23,10.4,738296,1070986.0,2.82,9445723.95
cn1_0.7_cn2_0.9_an1_0.5,0.7,0.9,0.5,10.24,10.4,529400,1070986.0,2.02,6773118.45
cn1_0.7_cn2_0.9_an1_0.7,0.7,0.9,0.7,10.26,10.4,320504,1070986.0,1.22,4100512.95
cn1_0.7_cn2_0.9_an1_0.75,0.7,0.9,0.75,10.2,10.3,267256,1070986.0,1.02,3419260.57
cn1_0.7_cn2_0.9_an1_0.8,0.7,0.9,0.8,12.15,12.44,214008,1070986.0,0.82,2738008.18
cn1_0.7_cn2_0.9_an1_0.85,0.7,0.9,0.85,10.88,11.22,160760,1070986.0,0.61,2056755.8
cn1_0.7_cn2_0.9_an1_0.9,0.7,0.9,0.9,10.18,9.95,111608,1070986.0,0.43,1427907.45
cn1_0.75_cn2_0_an1_0,0.75,0.0,0.0,23.31,32.57,1070338,1070986.0,4.08,13693853.52
cn1_0.75_cn2_0_an1_0.3,0.75,0.0,0.3,23.28,32.57,754946,1070986.0,2.88,9658743.26
cn1_0.75_cn2_0_an1_0.5,0.75,0.0,0.5,23.38,32.57,546050,1070986.0,2.08,6986137.76
cn1_0.75_cn2_0_an1_0.7,0.75,0.0,0.7,23.26,32.57,337154,1070986.0,1.29,4313532.26
cn1_0.75_cn2_0_an1_0.75,0.75,0.0,0.75,22.54,32.26,283906,1070986.0,1.08,3632279.88
cn1_0.75_cn2_0_an1_0.8,0.75,0.0,0.8,16.01,24.04,230658,1070986.0,0.88,2951027.49
cn1_0.75_cn2_0_an1_0.85,0.75,0.0,0.85,16.87,26.62,177410,1070986.0,0.68,2269775.11
cn1_0.75_cn2_0_an1_0.9,0.75,0.0,0.9,18.33,23.59,128258,1070986.0,0.49,1640926.76
cn1_0.75_cn2_0.3_an1_0,0.75,0.3,0.0,13.12,17.44,1064866,1070986.0,4.06,13623845.01
cn1_0.75_cn2_0.3_an1_0.3,0.75,0.3,0.3,13.13,17.44,749474,1070986.0,2.86,9588734.75
cn1_0.75_cn2_0.3_an1_0.5,0.75,0.3,0.5,13.16,17.44,540578,1070986.0,2.06,6916129.25
cn1_0.75_cn2_0.3_an1_0.7,0.75,0.3,0.7,13.21,17.44,331682,1070986.0,1.27,4243523.75
cn1_0.75_cn2_0.3_an1_0.75,0.75,0.3,0.75,14.02,17.26,278434,1070986.0,1.06,3562271.37
cn1_0.75_cn2_0.3_an1_0.8,0.75,0.3,0.8,11.35,15.74,225186,1070986.0,0.86,2881018.99
cn1_0.75_cn2_0.3_an1_0.85,0.75,0.3,0.85,12.67,18.4,171938,1070986.0,0.66,2199766.6
cn1_0.75_cn2_0.3_an1_0.9,0.75,0.3,0.9,13.94,15.66,122786,1070986.0,0.47,1570918.25
cn1_0.75_cn2_0.5_an1_0,0.75,0.5,0.0,13.7,15.23,1061122,1070986.0,4.05,13575944.45
cn1_0.75_cn2_0.5_an1_0.3,0.75,0.5,0.3,13.67,15.23,745730,1070986.0,2.85,9540834.19
cn1_0.75_cn2_0.5_an1_0.5,0.75,0.5,0.5,13.62,15.23,536834,1070986.0,2.05,6868228.69
cn1_0.75_cn2_0.5_an1_0.7,0.75,0.5,0.7,13.7,15.23,327938,1070986.0,1.25,4195623.19
cn1_0.75_cn2_0.5_an1_0.75,0.75,0.5,0.75,13.73,14.29,274690,1070986.0,1.05,3514370.81
cn1_0.75_cn2_0.5_an1_0.8,0.75,0.5,0.8,10.75,13.33,221442,1070986.0,0.85,2833118.43
cn1_0.75_cn2_0.5_an1_0.85,0.75,0.5,0.85,12.65,15.48,168194,1070986.0,0.64,2151866.04
cn1_0.75_cn2_0.5_an1_0.9,0.75,0.5,0.9,14.85,16.2,119042,1070986.0,0.45,1523017.69
cn1_0.75_cn2_0.7_an1_0,0.75,0.7,0.0,14.36,17.82,1057378,1070986.0,4.03,13528043.89
cn1_0.75_cn2_0.7_an1_0.3,0.75,0.7,0.3,14.32,17.82,741986,1070986.0,2.83,9492933.63
cn1_0.75_cn2_0.7_an1_0.5,0.75,0.7,0.5,14.35,17.82,533090,1070986.0,2.03,6820328.13
cn1_0.75_cn2_0.7_an1_0.7,0.75,0.7,0.7,14.34,17.82,324194,1070986.0,1.24,4147722.63
cn1_0.75_cn2_0.7_an1_0.75,0.75,0.7,0.75,14.87,17.3,270946,1070986.0,1.03,3466470.25
cn1_0.75_cn2_0.7_an1_0.8,0.75,0.7,0.8,13.33,14.5,217698,1070986.0,0.83,2785217.87
cn1_0.75_cn2_0.7_an1_0.85,0.75,0.7,0.85,12.48,15.16,164450,1070986.0,0.63,2103965.49
cn1_0.75_cn2_0.7_an1_0.9,0.75,0.7,0.9,12.48,12.89,115298,1070986.0,0.44,1475117.13
cn1_0.75_cn2_0.75_an1_0,0.75,0.75,0.0,13.7,15.55,1056514,1070986.0,4.03,13516989.92
cn1_0.75_cn2_0.75_an1_0.3,0.75,0.75,0.3,13.78,15.55,741122,1070986.0,2.83,9481879.66
cn1_0.75_cn2_0.75_an1_0.5,0.75,0.75,0.5,13.89,15.55,532226,1070986.0,2.03,6809274.16
cn1_0.75_cn2_0.75_an1_0.7,0.75,0.75,0.7,13.66,15.55,323330,1070986.0,1.23,4136668.66
cn1_0.75_cn2_0.75_an1_0.75,0.75,0.75,0.75,13.97,15.63,270082,1070986.0,1.03,3455416.28
cn1_0.75_cn2_0.75_an1_0.8,0.75,0.75,0.8,13.21,12.43,216834,1070986.0,0.83,2774163.89
cn1_0.75_cn2_0.75_an1_0.85,0.75,0.75,0.85,12.41,13.06,163586,1070986.0,0.62,2092911.51
cn1_0.75_cn2_0.75_an1_0.9,0.75,0.75,0.9,11.78,11.78,114434,1070986.0,0.44,1464063.16
cn1_0.75_cn2_0.8_an1_0,0.75,0.8,0.0,13.74,15.62,1055650,1070986.0,4.03,13505935.94
cn1_0.75_cn2_0.8_an1_0.3,0.75,0.8,0.3,13.79,15.62,740258,1070986.0,2.82,9470825.68
cn1_0.75_cn2_0.8_an1_0.5,0.75,0.8,0.5,13.85,15.62,531362,1070986.0,2.03,6798220.18
cn1_0.75_cn2_0.8_an1_0.7,0.75,0.8,0.7,13.61,15.62,322466,1070986.0,1.23,4125614.68
cn1_0.75_cn2_0.8_an1_0.75,0.75,0.8,0.75,13.68,15.45,269218,1070986.0,1.03,3444362.3
cn1_0.75_cn2_0.8_an1_0.8,0.75,0.8,0.8,12.11,12.17,215970,1070986.0,0.82,2763109.92
cn1_0.75_cn2_0.8_an1_0.85,0.75,0.8,0.85,13.83,14.61,162722,1070986.0,0.62,2081857.54
cn1_0.75_cn2_0.8_an1_0.9,0.75,0.8,0.9,11.12,10.43,113570,1070986.0,0.43,1453009.18
cn1_0.75_cn2_0.85_an1_0,0.75,0.85,0.0,14.24,14.68,1054786,1070986.0,4.02,13494881.97
cn1_0.75_cn2_0.85_an1_0.3,0.75,0.85,0.3,14.26,14.68,739394,1070986.0,2.82,9459771.71
cn1_0.75_cn2_0.85_an1_0.5,0.75,0.85,0.5,14.08,14.68,530498,1070986.0,2.02,6787166.21
cn1_0.75_cn2_0.85_an1_0.7,0.75,0.85,0.7,14.43,14.68,321602,1070986.0,1.23,4114560.71
cn1_0.75_cn2_0.85_an1_0.75,0.75,0.85,0.75,14.31,14.9,268354,1070986.0,1.02,3433308.33
cn1_0.75_cn2_0.85_an1_0.8,0.75,0.85,0.8,12.23,11.34,215106,1070986.0,0.82,2752055.94
cn1_0.75_cn2_0.85_an1_0.85,0.75,0.85,0.85,13.14,13.01,161858,1070986.0,0.62,2070803.56
cn1_0.75_cn2_0.85_an1_0.9,0.75,0.85,0.9,11.15,10.26,112706,1070986.0,0.43,1441955.21
cn1_0.75_cn2_0.9_an1_0,0.75,0.9,0.0,10.21,10.42,1053634,1070986.0,4.02,13480143.34
cn1_0.75_cn2_0.9_an1_0.3,0.75,0.9,0.3,10.19,10.42,738242,1070986.0,2.82,9445033.07
cn1_0.75_cn2_0.9_an1_0.5,0.75,0.9,0.5,10.23,10.42,529346,1070986.0,2.02,6772427.57
cn1_0.75_cn2_0.9_an1_0.7,0.75,0.9,0.7,10.18,10.42,320450,1070986.0,1.22,4099822.07
cn1_0.75_cn2_0.9_an1_0.75,0.75,0.9,0.75,10.19,10.4,267202,1070986.0,1.02,3418569.69
cn1_0.75_cn2_0.9_an1_0.8,0.75,0.9,0.8,13.24,12.8,213954,1070986.0,0.82,2737317.31
cn1_0.75_cn2_0.9_an1_0.85,0.75,0.9,0.85,10.37,10.2,160706,1070986.0,0.61,2056064.93
cn1_0.75_cn2_0.9_an1_0.9,0.75,0.9,0.9,10.81,10.4,111554,1070986.0,0.43,1427216.58
cn1_0.8_cn2_0_an1_0,0.8,0.0,0.0,17.55,22.52,1070284,1070986.0,4.08,13693162.65
cn1_0.8_cn2_0_an1_0.3,0.8,0.0,0.3,17.59,22.52,754892,1070986.0,2.88,9658052.38
cn1_0.8_cn2_0_an1_0.5,0.8,0.0,0.5,17.44,22.52,545996,1070986.0,2.08,6985446.88
cn1_0.8_cn2_0_an1_0.7,0.8,0.0,0.7,17.44,22.52,337100,1070986.0,1.29,4312841.38
cn1_0.8_cn2_0_an1_0.75,0.8,0.0,0.75,17.45,22.78,283852,1070986.0,1.08,3631589.0
cn1_0.8_cn2_0_an1_0.8,0.8,0.0,0.8,12.22,15.63,230604,1070986.0,0.88,2950336.62
cn1_0.8_cn2_0_an1_0.85,0.8,0.0,0.85,13.03,16.61,177356,1070986.0,0.68,2269084.24
cn1_0.8_cn2_0_an1_0.9,0.8,0.0,0.9,14.02,15.78,128204,1070986.0,0.49,1640235.88
cn1_0.8_cn2_0.3_an1_0,0.8,0.3,0.0,14.08,17.89,1064812,1070986.0,4.06,13623154.14
cn1_0.8_cn2_0.3_an1_0.3,0.8,0.3,0.3,14.13,17.89,749420,1070986.0,2.86,9588043.87
cn1_0.8_cn2_0.3_an1_0.5,0.8,0.3,0.5,14.23,17.89,540524,1070986.0,2.06,6915438.37
cn1_0.8_cn2_0.3_an1_0.7,0.8,0.3,0.7,13.94,17.89,331628,1070986.0,1.27,4242832.88
cn1_0.8_cn2_0.3_an1_0.75,0.8,0.3,0.75,13.86,17.26,278380,1070986.0,1.06,3561580.49
cn1_0.8_cn2_0.3_an1_0.8,0.8,0.3,0.8,12.66,16.94,225132,1070986.0,0.86,2880328.11
cn1_0.8_cn2_0.3_an1_0.85,0.8,0.3,0.85,12.75,17.09,171884,1070986.0,0.66,2199075.73
cn1_0.8_cn2_0.3_an1_0.9,0.8,0.3,0.9,12.47,14.01,122732,1070986.0,0.47,1570227.38
cn1_0.8_cn2_0.5_an1_0,0.8,0.5,0.0,13.57,14.28,1061068,1070986.0,4.05,13575253.58
cn1_0.8_cn2_0.5_an1_0.3,0.8,0.5,0.3,13.61,14.28,745676,1070986.0,2.85,9540143.32
cn1_0.8_cn2_0.5_an1_0.5,0.8,0.5,0.5,13.57,14.28,536780,1070986.0,2.05,6867537.82
cn1_0.8_cn2_0.5_an1_0.7,0.8,0.5,0.7,13.58,14.28,327884,1070986.0,1.25,4194932.32
cn1_0.8_cn2_0.5_an1_0.75,0.8,0.5,0.75,13.05,13.62,274636,1070986.0,1.05,3513679.94
cn1_0.8_cn2_0.5_an1_0.8,0.8,0.5,0.8,13.14,16.01,221388,1070986.0,0.85,2832427.55
cn1_0.8_cn2_0.5_an1_0.85,0.8,0.5,0.85,14.37,15.65,168140,1070986.0,0.64,2151175.17
cn1_0.8_cn2_0.5_an1_0.9,0.8,0.5,0.9,15.22,16.18,118988,1070986.0,0.45,1522326.82
cn1_0.8_cn2_0.7_an1_0,0.8,0.7,0.0,15.48,16.82,1057324,1070986.0,4.03,13527353.02
cn1_0.8_cn2_0.7_an1_0.3,0.8,0.7,0.3,15.29,16.82,741932,1070986.0,2.83,9492242.76
cn1_0.8_cn2_0.7_an1_0.5,0.8,0.7,0.5,15.36,16.82,533036,1070986.0,2.03,6819637.26
cn1_0.8_cn2_0.7_an1_0.7,0.8,0.7,0.7,15.25,16.82,324140,1070986.0,1.24,4147031.76
cn1_0.8_cn2_0.7_an1_0.75,0.8,0.7,0.75,15.33,16.69,270892,1070986.0,1.03,3465779.38
cn1_0.8_cn2_0.7_an1_0.8,0.8,0.7,0.8,13.95,14.54,217644,1070986.0,0.83,2784527.0
cn1_0.8_cn2_0.7_an1_0.85,0.8,0.7,0.85,13.83,15.25,164396,1070986.0,0.63,2103274.61
cn1_0.8_cn2_0.7_an1_0.9,0.8,0.7,0.9,12.21,12.61,115244,1070986.0,0.44,1474426.26
cn1_0.8_cn2_0.75_an1_0,0.8,0.75,0.0,12.8,14.18,1056460,1070986.0,4.03,13516299.05
cn1_0.8_cn2_0.75_an1_0.3,0.8,0.75,0.3,12.8,14.18,741068,1070986.0,2.83,9481188.78
cn1_0.8_cn2_0.75_an1_0.5,0.8,0.75,0.5,12.87,14.18,532172,1070986.0,2.03,6808583.28
cn1_0.8_cn2_0.75_an1_0.7,0.8,0.75,0.7,12.83,14.18,323276,1070986.0,1.23,4135977.78
cn1_0.8_cn2_0.75_an1_0.75,0.8,0.75,0.75,12.65,14.49,270028,1070986.0,1.03,3454725.4
cn1_0.8_cn2_0.75_an1_0.8,0.8,0.75,0.8,12.01,12.07,216780,1070986.0,0.83,2773473.02
cn1_0.8_cn2_0.75_an1_0.85,0.8,0.75,0.85,12.74,13.39,163532,1070986.0,0.62,2092220.64
cn1_0.8_cn2_0.75_an1_0.9,0.8,0.75,0.9,10.86,10.23,114380,1070986.0,0.44,1463372.29
cn1_0.8_cn2_0.8_an1_0,0.8,0.8,0.0,12.77,13.64,1055596,1070986.0,4.03,13505245.07
cn1_0.8_cn2_0.8_an1_0.3,0.8,0.8,0.3,12.73,13.64,740204,1070986.0,2.82,9470134.81
cn1_0.8_cn2_0.8_an1_0.5,0.8,0.8,0.5,12.86,13.64,531308,1070986.0,2.03,6797529.31
cn1_0.8_cn2_0.8_an1_0.7,0.8,0.8,0.7,12.74,13.64,322412,1070986.0,1.23,4124923.81
cn1_0.8_cn2_0.8_an1_0.75,0.8,0.8,0.75,12.93,13.73,269164,1070986.0,1.03,3443671.43
cn1_0.8_cn2_0.8_an1_0.8,0.8,0.8,0.8,11.48,11.51,215916,1070986.0,0.82,2762419.05
cn1_0.8_cn2_0.8_an1_0.85,0.8,0.8,0.85,13.29,13.09,162668,1070986.0,0.62,2081166.66
cn1_0.8_cn2_0.8_an1_0.9,0.8,0.8,0.9,10.34,10.17,113516,1070986.0,0.43,1452318.31
cn1_0.8_cn2_0.85_an1_0,0.8,0.85,0.0,13.53,13.0,1054732,1070986.0,4.02,13494191.1
cn1_0.8_cn2_0.85_an1_0.3,0.8,0.85,0.3,13.25,13.0,739340,1070986.0,2.82,9459080.83
cn1_0.8_cn2_0.85_an1_0.5,0.8,0.85,0.5,13.48,13.0,530444,1070986.0,2.02,6786475.33
cn1_0.8_cn2_0.85_an1_0.7,0.8,0.85,0.7,13.51,13.0,321548,1070986.0,1.23,4113869.83
cn1_0.8_cn2_0.85_an1_0.75,0.8,0.85,0.75,13.42,13.09,268300,1070986.0,1.02,3432617.45
cn1_0.8_cn2_0.85_an1_0.8,0.8,0.85,0.8,11.26,10.76,215052,1070986.0,0.82,2751365.07
cn1_0.8_cn2_0.85_an1_0.85,0.8,0.85,0.85,13.15,12.01,161804,1070986.0,0.62,2070112.69
cn1_0.8_cn2_0.85_an1_0.9,0.8,0.85,0.9,10.47,10.04,112652,1070986.0,0.43,1441264.34
cn1_0.8_cn2_0.9_an1_0,0.8,0.9,0.0,10.84,10.91,1053580,1070986.0,4.02,13479452.46
cn1_0.8_cn2_0.9_an1_0.3,0.8,0.9,0.3,10.97,10.91,738188,1070986.0,2.82,9444342.2
cn1_0.8_cn2_0.9_an1_0.5,0.8,0.9,0.5,10.84,10.91,529292,1070986.0,2.02,6771736.7
cn1_0.8_cn2_0.9_an1_0.7,0.8,0.9,0.7,10.84,10.91,320396,1070986.0,1.22,4099131.2
cn1_0.8_cn2_0.9_an1_0.75,0.8,0.9,0.75,10.89,10.9,267148,1070986.0,1.02,3417878.82
cn1_0.8_cn2_0.9_an1_0.8,0.8,0.9,0.8,11.36,10.76,213900,1070986.0,0.82,2736626.44
cn1_0.8_cn2_0.9_an1_0.85,0.8,0.9,0.85,10.34,9.8,160652,1070986.0,0.61,2055374.06
cn1_0.8_cn2_0.9_an1_0.9,0.8,0.9,0.9,10.49,10.23,111500,1070986.0,0.43,1426525.7
cn1_0.85_cn2_0_an1_0,0.85,0.0,0.0,16.52,21.94,1070257,1070986.0,4.08,13692817.21
cn1_0.85_cn2_0_an1_0.3,0.85,0.0,0.3,16.54,21.94,754865,1070986.0,2.88,9657706.95
cn1_0.85_cn2_0_an1_0.5,0.85,0.0,0.5,16.54,21.94,545969,1070986.0,2.08,6985101.45
cn1_0.85_cn2_0_an1_0.7,0.85,0.0,0.7,16.67,21.94,337073,1070986.0,1.29,4312495.95
cn1_0.85_cn2_0_an1_0.75,0.85,0.0,0.75,15.83,20.83,283825,1070986.0,1.08,3631243.57
cn1_0.85_cn2_0_an1_0.8,0.85,0.0,0.8,12.12,14.09,230577,1070986.0,0.88,2949991.18
cn1_0.85_cn2_0_an1_0.85,0.85,0.0,0.85,11.81,13.31,177329,1070986.0,0.68,2268738.8
cn1_0.85_cn2_0_an1_0.9,0.85,0.0,0.9,12.19,14.2,128177,1070986.0,0.49,1639890.45
cn1_0.85_cn2_0.3_an1_0,0.85,0.3,0.0,10.09,11.06,1064785,1070986.0,4.06,13622808.7
cn1_0.85_cn2_0.3_an1_0.3,0.85,0.3,0.3,10.09,11.06,749393,1070986.0,2.86,9587698.44
cn1_0.85_cn2_0.3_an1_0.5,0.85,0.3,0.5,10.07,11.06,540497,1070986.0,2.06,6915092.94
cn1_0.85_cn2_0.3_an1_0.7,0.85,0.3,0.7,10.08,11.06,331601,1070986.0,1.27,4242487.44
cn1_0.85_cn2_0.3_an1_0.75,0.85,0.3,0.75,10.11,11.11,278353,1070986.0,1.06,3561235.06
cn1_0.85_cn2_0.3_an1_0.8,0.85,0.3,0.8,10.06,10.57,225105,1070986.0,0.86,2879982.67
cn1_0.85_cn2_0.3_an1_0.85,0.85,0.3,0.85,10.17,11.37,171857,1070986.0,0.66,2198730.29
cn1_0.85_cn2_0.3_an1_0.9,0.85,0.3,0.9,10.03,10.47,122705,1070986.0,0.47,1569881.94
cn1_0.85_cn2_0.5_an1_0,0.85,0.5,0.0,10.13,10.92,1061041,1070986.0,4.05,13574908.14
cn1_0.85_cn2_0.5_an1_0.3,0.85,0.5,0.3,10.14,10.92,745649,1070986.0,2.85,9539797.88
cn1_0.85_cn2_0.5_an1_0.5,0.85,0.5,0.5,10.16,10.92,536753,1070986.0,2.05,6867192.38
cn1_0.85_cn2_0.5_an1_0.7,0.85,0.5,0.7,10.06,10.92,327857,1070986.0,1.25,4194586.88
cn1_0.85_cn2_0.5_an1_0.75,0.85,0.5,0.75,10.53,11.46,274609,1070986.0,1.05,3513334.5
cn1_0.85_cn2_0.5_an1_0.8,0.85,0.5,0.8,10.04,10.08,221361,1070986.0,0.85,2832082.12
cn1_0.85_cn2_0.5_an1_0.85,0.85,0.5,0.85,10.18,11.01,168113,1070986.0,0.64,2150829.73
cn1_0.85_cn2_0.5_an1_0.9,0.85,0.5,0.9,9.85,9.76,118961,1070986.0,0.45,1521981.38
cn1_0.85_cn2_0.7_an1_0,0.85,0.7,0.0,10.61,13.1,1057297,1070986.0,4.03,13527007.58
cn1_0.85_cn2_0.7_an1_0.3,0.85,0.7,0.3,10.59,13.1,741905,1070986.0,2.83,9491897.32
cn1_0.85_cn2_0.7_an1_0.5,0.85,0.7,0.5,10.68,13.1,533009,1070986.0,2.03,6819291.82
cn1_0.85_cn2_0.7_an1_0.7,0.85,0.7,0.7,10.67,13.11,324113,1070986.0,1.24,4146686.32
cn1_0.85_cn2_0.7_an1_0.75,0.85,0.7,0.75,10.61,13.12,270865,1070986.0,1.03,3465433.94
cn1_0.85_cn2_0.7_an1_0.8,0.85,0.7,0.8,10.53,9.96,217617,1070986.0,0.83,2784181.56
cn1_0.85_cn2_0.7_an1_0.85,0.85,0.7,0.85,11.06,12.15,164369,1070986.0,0.63,2102929.18
cn1_0.85_cn2_0.7_an1_0.9,0.85,0.7,0.9,10.0,10.5,115217,1070986.0,0.44,1474080.82
cn1_0.85_cn2_0.75_an1_0,0.85,0.75,0.0,10.65,12.59,1056433,1070986.0,4.03,13515953.61
cn1_0.85_cn2_0.75_an1_0.3,0.85,0.75,0.3,10.84,12.59,741041,1070986.0,2.83,9480843.35
cn1_0.85_cn2_0.75_an1_0.5,0.85,0.75,0.5,10.62,12.59,532145,1070986.0,2.03,6808237.85
cn1_0.85_cn2_0.75_an1_0.7,0.85,0.75,0.7,10.85,12.59,323249,1070986.0,1.23,4135632.35
cn1_0.85_cn2_0.75_an1_0.75,0.85,0.75,0.75,10.63,13.09,270001,1070986.0,1.03,3454379.97
cn1_0.85_cn2_0.75_an1_0.8,0.85,0.75,0.8,10.13,9.52,216753,1070986.0,0.83,2773127.58
cn1_0.85_cn2_0.75_an1_0.85,0.85,0.75,0.85,10.59,10.18,163505,1070986.0,0.62,2091875.2
cn1_0.85_cn2_0.75_an1_0.9,0.85,0.75,0.9,9.57,9.56,114353,1070986.0,0.44,1463026.85
cn1_0.85_cn2_0.8_an1_0,0.85,0.8,0.0,12.28,14.27,1055569,1070986.0,4.03,13504899.63
cn1_0.85_cn2_0.8_an1_0.3,0.85,0.8,0.3,12.25,14.27,740177,1070986.0,2.82,9469789.37
cn1_0.85_cn2_0.8_an1_0.5,0.85,0.8,0.5,12.34,14.27,531281,1070986.0,2.03,6797183.87
cn1_0.85_cn2_0.8_an1_0.7,0.85,0.8,0.7,12.24,14.27,322385,1070986.0,1.23,4124578.37
cn1_0.85_cn2_0.8_an1_0.75,0.85,0.8,0.75,12.24,14.48,269137,1070986.0,1.03,3443325.99
cn1_0.85_cn2_0.8_an1_0.8,0.85,0.8,0.8,10.05,9.94,215889,1070986.0,0.82,2762073.61
cn1_0.85_cn2_0.8_an1_0.85,0.85,0.8,0.85,11.01,10.88,162641,1070986.0,0.62,2080821.23
cn1_0.85_cn2_0.8_an1_0.9,0.85,0.8,0.9,9.22,8.55,113489,1070986.0,0.43,1451972.87
cn1_0.85_cn2_0.85_an1_0,0.85,0.85,0.0,11.86,12.97,1054705,1070986.0,4.02,13493845.66
cn1_0.85_cn2_0.85_an1_0.3,0.85,0.85,0.3,11.77,12.97,739313,1070986.0,2.82,9458735.4
cn1_0.85_cn2_0.85_an1_0.5,0.85,0.85,0.5,11.75,12.97,530417,1070986.0,2.02,6786129.9
cn1_0.85_cn2_0.85_an1_0.7,0.85,0.85,0.7,11.72,12.97,321521,1070986.0,1.23,4113524.4
cn1_0.85_cn2_0.85_an1_0.75,0.85,0.85,0.75,11.78,13.06,268273,1070986.0,1.02,3432272.02
cn1_0.85_cn2_0.85_an1_0.8,0.85,0.85,0.8,10.16,10.01,215025,1070986.0,0.82,2751019.63
cn1_0.85_cn2_0.85_an1_0.85,0.85,0.85,0.85,11.09,10.42,161777,1070986.0,0.62,2069767.25
cn1_0.85_cn2_0.85_an1_0.9,0.85,0.85,0.9,9.11,8.44,112625,1070986.0,0.43,1440918.9
cn1_0.85_cn2_0.9_an1_0,0.85,0.9,0.0,10.47,10.43,1053553,1070986.0,4.02,13479107.03
cn1_0.85_cn2_0.9_an1_0.3,0.85,0.9,0.3,10.4,10.43,738161,1070986.0,2.82,9443996.76
cn1_0.85_cn2_0.9_an1_0.5,0.85,0.9,0.5,10.47,10.43,529265,1070986.0,2.02,6771391.26
cn1_0.85_cn2_0.9_an1_0.7,0.85,0.9,0.7,10.5,10.43,320369,1070986.0,1.22,4098785.76
cn1_0.85_cn2_0.9_an1_0.75,0.85,0.9,0.75,10.43,10.52,267121,1070986.0,1.02,3417533.38
cn1_0.85_cn2_0.9_an1_0.8,0.85,0.9,0.8,12.07,11.86,213873,1070986.0,0.82,2736281.0
cn1_0.85_cn2_0.9_an1_0.85,0.85,0.9,0.85,10.23,10.0,160625,1070986.0,0.61,2055028.62
cn1_0.85_cn2_0.9_an1_0.9,0.85,0.9,0.9,9.24,8.71,111473,1070986.0,0.43,1426180.27
cn1_0.9_cn2_0_an1_0,0.9,0.0,0.0,11.1,12.59,1070203,1070986.0,4.08,13692126.34
cn1_0.9_cn2_0_an1_0.3,0.9,0.0,0.3,11.06,12.59,754811,1070986.0,2.88,9657016.07
cn1_0.9_cn2_0_an1_0.5,0.9,0.0,0.5,11.09,12.59,545915,1070986.0,2.08,6984410.57
cn1_0.9_cn2_0_an1_0.7,0.9,0.0,0.7,11.07,12.59,337019,1070986.0,1.29,4311805.07
cn1_0.9_cn2_0_an1_0.75,0.9,0.0,0.75,10.93,12.31,283771,1070986.0,1.08,3630552.69
cn1_0.9_cn2_0_an1_0.8,0.9,0.0,0.8,10.8,11.92,230523,1070986.0,0.88,2949300.31
cn1_0.9_cn2_0_an1_0.85,0.9,0.0,0.85,12.0,12.72,177275,1070986.0,0.68,2268047.93
cn1_0.9_cn2_0_an1_0.9,0.9,0.0,0.9,12.75,13.24,128123,1070986.0,0.49,1639199.57
cn1_0.9_cn2_0.3_an1_0,0.9,0.3,0.0,10.24,10.85,1064731,1070986.0,4.06,13622117.83
cn1_0.9_cn2_0.3_an1_0.3,0.9,0.3,0.3,10.34,10.85,749339,1070986.0,2.86,9587007.56
cn1_0.9_cn2_0.3_an1_0.5,0.9,0.3,0.5,10.24,10.85,540443,1070986.0,2.06,6914402.06
cn1_0.9_cn2_0.3_an1_0.7,0.9,0.3,0.7,10.18,10.85,331547,1070986.0,1.27,4241796.57
cn1_0.9_cn2_0.3_an1_0.75,0.9,0.3,0.75,10.32,10.86,278299,1070986.0,1.06,3560544.18
cn1_0.9_cn2_0.3_an1_0.8,0.9,0.3,0.8,11.14,10.48,225051,1070986.0,0.86,2879291.8
cn1_0.9_cn2_0.3_an1_0.85,0.9,0.3,0.85,12.11,12.07,171803,1070986.0,0.66,2198039.42
cn1_0.9_cn2_0.3_an1_0.9,0.9,0.3,0.9,10.15,11.01,122651,1070986.0,0.47,1569191.07
cn1_0.9_cn2_0.5_an1_0,0.9,0.5,0.0,10.05,10.67,1060987,1070986.0,4.05,13574217.27
cn1_0.9_cn2_0.5_an1_0.3,0.9,0.5,0.3,10.01,10.67,745595,1070986.0,2.84,9539107.01
cn1_0.9_cn2_0.5_an1_0.5,0.9,0.5,0.5,10.05,10.67,536699,1070986.0,2.05,6866501.51
cn1_0.9_cn2_0.5_an1_0.7,0.9,0.5,0.7,10.05,10.67,327803,1070986.0,1.25,4193896.01
cn1_0.9_cn2_0.5_an1_0.75,0.9,0.5,0.75,10.08,10.88,274555,1070986.0,1.05,3512643.63
cn1_0.9_cn2_0.5_an1_0.8,0.9,0.5,0.8,9.42,10.61,221307,1070986.0,0.84,2831391.24
cn1_0.9_cn2_0.5_an1_0.85,0.9,0.5,0.85,11.65,12.3,168059,1070986.0,0.64,2150138.86
cn1_0.9_cn2_0.5_an1_0.9,0.9,0.5,0.9,8.57,8.8,118907,1070986.0,0.45,1521290.51
cn1_0.9_cn2_0.7_an1_0,0.9,0.7,0.0,10.49,10.46,1057243,1070986.0,4.03,13526316.71
cn1_0.9_cn2_0.7_an1_0.3,0.9,0.7,0.3,10.5,10.46,741851,1070986.0,2.83,9491206.45
cn1_0.9_cn2_0.7_an1_0.5,0.9,0.7,0.5,10.52,10.46,532955,1070986.0,2.03,6818600.95
cn1_0.9_cn2_0.7_an1_0.7,0.9,0.7,0.7,10.54,10.46,324059,1070986.0,1.24,4145995.45
cn1_0.9_cn2_0.7_an1_0.75,0.9,0.7,0.75,10.48,10.51,270811,1070986.0,1.03,3464743.07
cn1_0.9_cn2_0.7_an1_0.8,0.9,0.7,0.8,11.09,11.21,217563,1070986.0,0.83,2783490.69
cn1_0.9_cn2_0.7_an1_0.85,0.9,0.7,0.85,10.58,9.92,164315,1070986.0,0.63,2102238.3
cn1_0.9_cn2_0.7_an1_0.9,0.9,0.7,0.9,10.31,10.62,115163,1070986.0,0.44,1473389.95
cn1_0.9_cn2_0.75_an1_0,0.9,0.75,0.0,10.68,10.7,1056379,1070986.0,4.03,13515262.74
cn1_0.9_cn2_0.75_an1_0.3,0.9,0.75,0.3,10.75,10.7,740987,1070986.0,2.83,9480152.47
cn1_0.9_cn2_0.75_an1_0.5,0.9,0.75,0.5,10.75,10.7,532091,1070986.0,2.03,6807546.97
cn1_0.9_cn2_0.75_an1_0.7,0.9,0.75,0.7,10.55,10.7,323195,1070986.0,1.23,4134941.47
cn1_0.9_cn2_0.75_an1_0.75,0.9,0.75,0.75,10.77,10.75,269947,1070986.0,1.03,3453689.09
cn1_0.9_cn2_0.75_an1_0.8,0.9,0.75,0.8,11.06,10.93,216699,1070986.0,0.83,2772436.71
cn1_0.9_cn2_0.75_an1_0.85,0.9,0.75,0.85,10.2,9.77,163451,1070986.0,0.62,2091184.33
cn1_0.9_cn2_0.75_an1_0.9,0.9,0.75,0.9,10.82,10.87,114299,1070986.0,0.44,1462335.98
cn1_0.9_cn2_0.8_an1_0,0.9,0.8,0.0,11.15,11.56,1055515,1070986.0,4.03,13504208.76
cn1_0.9_cn2_0.8_an1_0.3,0.9,0.8,0.3,11.16,11.56,740123,1070986.0,2.82,9469098.5
cn1_0.9_cn2_0.8_an1_0.5,0.9,0.8,0.5,11.29,11.56,531227,1070986.0,2.03,6796493.0
cn1_0.9_cn2_0.8_an1_0.7,0.9,0.8,0.7,11.24,11.56,322331,1070986.0,1.23,4123887.5
cn1_0.9_cn2_0.8_an1_0.75,0.9,0.8,0.75,11.21,11.62,269083,1070986.0,1.03,3442635.12
cn1_0.9_cn2_0.8_an1_0.8,0.9,0.8,0.8,11.52,11.2,215835,1070986.0,0.82,2761382.74
cn1_0.9_cn2_0.8_an1_0.85,0.9,0.8,0.85,10.31,9.81,162587,1070986.0,0.62,2080130.35
cn1_0.9_cn2_0.8_an1_0.9,0.9,0.8,0.9,10.41,9.65,113435,1070986.0,0.43,1451282.0
cn1_0.9_cn2_0.85_an1_0,0.9,0.85,0.0,11.83,12.28,1054651,1070986.0,4.02,13493154.79
cn1_0.9_cn2_0.85_an1_0.3,0.9,0.85,0.3,11.88,12.28,739259,1070986.0,2.82,9458044.52
cn1_0.9_cn2_0.85_an1_0.5,0.9,0.85,0.5,11.9,12.28,530363,1070986.0,2.02,6785439.02
cn1_0.9_cn2_0.85_an1_0.7,0.9,0.85,0.7,11.88,12.28,321467,1070986.0,1.23,4112833.52
cn1_0.9_cn2_0.85_an1_0.75,0.9,0.85,0.75,11.84,12.29,268219,1070986.0,1.02,3431581.14
cn1_0.9_cn2_0.85_an1_0.8,0.9,0.85,0.8,10.32,10.18,214971,1070986.0,0.82,2750328.76
cn1_0.9_cn2_0.85_an1_0.85,0.9,0.85,0.85,10.31,9.89,161723,1070986.0,0.62,2069076.38
cn1_0.9_cn2_0.85_an1_0.9,0.9,0.85,0.9,11.38,10.9,112571,1070986.0,0.43,1440228.03
cn1_0.9_cn2_0.9_an1_0,0.9,0.9,0.0,11.39,11.5,1053499,1070986.0,4.02,13478416.15
cn1_0.9_cn2_0.9_an1_0.3,0.9,0.9,0.3,11.4,11.5,738107,1070986.0,2.82,9443305.89
cn1_0.9_cn2_0.9_an1_0.5,0.9,0.9,0.5,11.42,11.5,529211,1070986.0,2.02,6770700.39
cn1_0.9_cn2_0.9_an1_0.7,0.9,0.9,0.7,11.32,11.5,320315,1070986.0,1.22,4098094.89
cn1_0.9_cn2_0.9_an1_0.75,0.9,0.9,0.75,11.33,11.48,267067,1070986.0,1.02,3416842.51
cn1_0.9_cn2_0.9_an1_0.8,0.9,0.9,0.8,10.38,10.28,213819,1070986.0,0.82,2735590.13
cn1_0.9_cn2_0.9_an1_0.85,0.9,0.9,0.85,9.98,9.89,160571,1070986.0,0.61,2054337.75
cn1_0.9_cn2_0.9_an1_0.9,0.9,0.9,0.9,9.45,9.53,111419,1070986.0,0.43,1425489.39
